Name,Age,Salary,Department,Gender
Rodolfo Eisold,50,33524,Accounting,Male
Clevey Thunnercliff,42,99285,Product Management,Male
Jaime Dahlberg,31,91210,Accounting,Male
Garnet Barwise,52,27844,Research and Development,Female
Aylmar Conville,44,41387,Product Management,Male
Karlen O' Finan,54,71122,Legal,Female
Alfi Allsupp,32,76109,Training,Female
Clayborn McKain,54,49617,Accounting,Male
Hannie Ditchett,47,90135,Services,Female
Gavra Coggen,26,43700,Support,Female
Caryn Begg,33,56289,Support,Female
Yolane Kellet,48,64608,Engineering,Female
Dall Farrants,26,84662,Training,Male
Florette Sinkins,25,93094,Research and Development,Female
Anjanette Gommes,52,60210,Product Management,Female
Franny Deniso,51,44864,Training,Female
Margaretta Wicklin,44,91447,Marketing,Female
Leonid Bonner,52,44943,Support,Male
Edvard Chominski,44,92348,Research and Development,Male
Burch Romer,44,98385,Services,Male
Kylie Knowlden,44,58670,Services,Male
Gabrila Minto,43,50934,Engineering,Female
Jarvis Fowgies,35,64215,Research and Development,Male
Dwight Gregor,55,39999,Business Development,Male
Thorndike Colegrove,52,78336,Marketing,Male
Latisha Delamar,51,76552,Human Resources,Female
Marcello Stampe,46,68990,Engineering,Male
Anya Plak,43,48203,Training,Female
Aurelea MacMearty,50,54760,Services,Female
Yorgo Giggs,46,61380,Engineering,Male
Sara-ann Sutherland,43,69517,Legal,Female
Fianna Walkowski,49,51242,Accounting,Female
Evelyn Helversen,32,34253,Marketing,Female
Garrot Vondruska,53,54273,Research and Development,Male
Dusty Potzold,36,29023,Sales,Female
Base Sulter,41,83446,Training,Male
Silvain Shellcross,33,78784,Sales,Male
Irita Pales,45,48124,Sales,Female
Fulvia Veness,35,78573,Research and Development,Female
Chrystal Dagger,32,38432,Accounting,Female
Leighton Pople,41,57021,Engineering,Male
Arleyne Aireton,29,65643,Training,Female
Tana Joyce,44,96662,Engineering,Female
Bendix Cornbill,40,84687,Sales,Male
Norrie Bamford,40,26768,Product Management,Female
Barnebas McFaul,42,62987,Sales,Male
Winfield Giraux,46,81457,Legal,Male
Leif Atwater,43,82842,Engineering,Male
Davine Drakers,40,85048,Support,Female
